{"cameraMode":{"drawMode":0,"name":"Shaded","section":"Shading Mode"},"sceneLighting":false,"audioPlay":false,"sceneViewState":{"m_AlwaysRefresh":false,"showFog":false,"showSkybox":false,"showFlares":false,"showImageEffects":false,"showParticleSystems":false,"showVisualEffectGraphs":true,"m_FxEnabled":true},"in2DMode":false,"pivot":{"x":50.62771987915039,"y":620.3955688476563,"z":-92.81971740722656},"rotation":{"x":-0.06177913025021553,"y":0.002918357728049159,"z":0.00005058675378677435,"w":-0.9982163310050964},"size":14.155282020568848,"orthographic":false}